titre,Type EvenementNiv1,Type EvenementNiv2,Type EvenementNiv3,Theme EvenementNiv1,descriptif,Theme EvenementNiv3,Lieu Annonce,Ville Evenement,Ville LieuLibre,Description Ville Libre,Date en clair,SiteInternet,Longitude,Latitude
March� de Moll�g�s,"Foire et salon
Foire et salon
Foire et salon","March�
March�
March�","March� paysan
March� fruits et l�gumes
March� aux poissons",Tables et vins,Produits r�gionaux,,,,Moll�g�s,Place du Cheval,Tous les mercredi,,4.9493706,43.8056556
March� hebdomadaire,Foire et salon,March�,March� paysan,Th�me agraire,Agriculture - Elevage - Horticulture,Agriculture,,,Venelles,Place des Logis et Avenue Maurice Plantier,Samedi de 9h00 � 13h00,http://www.venelles.fr,5.484956,43.597942
March� proven�al de producteurs locaux,Foire et salon,March�,March� paysan,Th�me agraire,Agriculture - Elevage - Horticulture,,,,Gr�asque,Lieu � d�terminer,"Le samedi, de 8h � 12h30",,5.544649,43.431346
March� de Gignac-la-Nerthe,Foire et salon,March�,March� fruits et l�gumes,Th�me agraire,Agriculture - Elevage - Horticulture,,,,Gignac la Nerthe,Place du boulodrome,Chaque dimanche,,5.2359706,43.3938919
March� de Boulbon,Foire et salon,March�,,Th�me agraire,Agriculture - Elevage - Horticulture,,,,Boulbon,Place Gilles L�ontin,Tous les lundi,,4.6932345,43.8623397
March� de Plan de Cuques,Foire et salon,March�,,Th�me agraire,Agriculture - Elevage - Horticulture,,,,Plan de Cuques,Place de l'�glise de la fontaine et Mail De Gaulle,Chaque samedi,,5.4637601,43.3474602
March� tous les mardis matins,Foire et salon,March�,,Th�me agraire,Agriculture - Elevage - Horticulture,,,,Eygui�res,Place des Fr�res Roche,Le mardi de 8h � 13h,,5.030313,43.696223
March� de Maillane,Foire et salon,March�,,Th�me agraire,Agriculture - Elevage - Horticulture,,,,Maillane,Place de l'Eglise,Le jeudi de 8h � 13h,,4.782298,43.831783
March� de Roquefort la B�doule,Foire et salon,March�,,Th�me agraire,Agriculture - Elevage - Horticulture,,,,Roquefort la B�doule,Parking de la Poste,Chaque jeudi,,5.5893829,43.2479971
March� paysan � Michelet,Foire et salon,March�,,Th�mes divers,Th�mes divers,,,,Salon de Provence,Chemin des Cabans,Le jeudi de 16h � 19h,,5.086604,43.640506
Entre les fleurs et l'art,Foire et salon,March�,March� aux fleurs,Loisirs et artisanat,Jardinage,,,,Eyragues,Place de la Lib�ration,Dimanche 7 mai,,4.841855,43.840729
Arts et Festins du Monde,"Ev�nements culturels
Foire et salon","Concert
March�",,"Art et culture
Tables et vins","Musique
Gastronomie",Musique du monde,,,Gardanne,Centre Ville,12 et 13 Mai,http://www.ville-gardanne.fr,5.469425,43.454006
March� proven�al,Foire et salon,March�,,"Tables et vins
Loisirs et artisanat
Th�me agraire","Gastronomie
Shopping
Agriculture - Elevage - Horticulture",Horticulture,,,Lambesc,Place des Etats G�n�raux,Le vendredi de 7h30 � 13h,,5.2604425,43.6550667
March� paysan,Foire et salon,March�,March� paysan,Tables et vins,Produits r�gionaux,,,,Lambesc,Place des Etats G�n�raux,Le mardi de 14h � 19h,,5.260442,43.655067
March� de Port de Bouc,Foire et salon,March�,March� fruits et l�gumes,Tables et vins,Produits r�gionaux,,,,Port de Bouc,"Les jours pairs : Place Lazzarino ( La L�que )

Les jours impairs : Cours Landrivon ( Le Canal )",Tous les jours sauf le lundi,,4.980929,43.406524
March� de Roquevaire,Foire et salon,March�,,Loisirs et artisanat,Shopping,,,,Roquevaire,Cours N�grel F�raud,Les vendredis matin,,5.60465,43.349291
March� hebdomadaire,Foire et salon,March�,,Th�mes divers,Th�mes divers,,,,Noves,Place Jean Jaur�s,Le jeudi de 7h � 12h,http://www.noves.com,4.902498,43.878492
March� de producteurs,Foire et salon,March�,March� fruits et l�gumes,Tables et vins,Produits r�gionaux,,March� d'Int�r�t National,Ch�teaurenard,,,D'avril � fin octobre,,4.8522877,43.8876854
March�,Foire et salon,March�,March� forain,Th�mes divers,Th�mes divers,,,,Mallemort,Place Raoul Coustet,Les vendredis matins,,5.180742,43.731206
March� des producteurs du Terroir de Berre l'Etang,Foire et salon,March�,March� paysan,"Th�me agraire
Loisirs et artisanat","Agriculture - Elevage - Horticulture
Shopping",Agriculture,,,Berre l'Etang,Parking de l'Europe,Du 21 avril au 15 septembre,,5.167436,43.474765
March� d'Aureille,Foire et salon,March�,March� fruits et l�gumes,Th�me agraire,Agriculture - Elevage - Horticulture,,,,Aureille,Place de la Fontaine,Tous les jeudi,,4.9462685,43.7069905
March� aux Fleurs et aux Produits R�gionaux,"Foire et salon
Foire et salon","Foire et salon
March�",March� aux fleurs,Th�me agraire,Agriculture - Elevage - Horticulture,Horticulture,Vieux Port,La Ciotat,,,Le 8 mai de 8h � 20h,,5.607544,43.172621
March� du Dimanche de Berre l'�tang,"Foire et salon
Foire et salon
Foire et salon","March�
March�
March�","March� fruits et l�gumes
March� aux fleurs",Th�me agraire,Agriculture - Elevage - Horticulture,,,,Berre l'Etang,Parking Paul Eluard et Boulevard Romain Rolland.,Du 1er Janvier au 31 D�cembre,,5.167436,43.474765
F�te des plantes (jardin et bourse) - 6e �dition,Foire et salon,March�,March� aux fleurs,Th�me agraire,Agriculture - Elevage - Horticulture,Horticulture,Plage des Laurons,,,,Le 30 avril de 9h � 17h,,5.024786,43.352114
March� de Saint Mitre les Remparts,Foire et salon,March�,,Th�me agraire,Agriculture - Elevage - Horticulture,,,,Saint Mitre les Remparts,Place de la Manare,Chaque mercredi,,5.0135889,43.4533082
March� du Jeudi de Berre l'�tang,"Foire et salon
Foire et salon","March�
March�","March� fruits et l�gumes
March� paysan",Th�me agraire,Agriculture - Elevage - Horticulture,,,,Berre l'Etang,Ancien coll�ge Fernand L�ger,Du 1er Janvier au 31 D�cembre,,5.167436,43.474765
March� des Producteurs et des Produits Bio,"Foire et salon
Foire et salon
Foire et salon","March�
March�
March�","March� fruits et l�gumes
March� paysan
March� produits biologiques","Tables et vins
Loisirs et artisanat
Tables et vins","Produits r�gionaux
Shopping
Gastronomie",,Port Vieux de La Ciotat,La Ciotat,,,Le samedi de 8h � 13h,,5.608391,43.174091
"Les Italiennes, march� artisanal gastronomique",Foire et salon,March�,,"Loisirs et artisanat
Tables et vins","Artisanat
Gastronomie",,Jardin Public de Ferri�res,Martigues,,,"Du 6 au 10 septembre de 10h � 20h, samedi jusqu'� minuit.",http://ccif-marseille.com/index.php?option=com_frontpage&Itemid=1,5.05665,43.40784
March� d'Eygali�res,"Foire et salon
Foire et salon
Foire et salon
Foire et salon","March�
March�
March�
March�","March� paysan
March� fruits et l�gumes
March� produits biologiques
March� aux fleurs",Th�me agraire,Agriculture - Elevage - Horticulture,,,,Eygali�res,Centre ville,Tous les vendredi,,4.9489379,43.7620236
Balade printani�re � Ferri�res - 13e �dition,Foire et salon,March�,,"Tables et vins
Loisirs et artisanat","Gastronomie
Artisanat",,,,Martigues,"Centre ville de Ferri�res : traverse Jean Roque, place Jean Jaur�s, quai des Girondins et quai Tess�.",Du 28 au 30 avril de 10h � 19h,,5.05483,43.407462
March� de Provence,"Tradition proven�ale
Foire et salon
D�fil�s - Parades - Reconstitutions","F�te votive - f�te traditionnelle
March�
D�fil� - Parade",,"Loisirs et artisanat
Tradition
Tables et vins
Tables et vins","Folklore
Tradition proven�ale
Produits r�gionaux
Gastronomie",Transhumance,,,Berre l'Etang,Parvis de la Mairie,Le 3 Juin,,5.167436,43.474765
March� de No�l,Foire et salon,March�,March� de No�l,Th�mes divers,Th�mes divers,,,,Mouri�s,Cours Paul Revoil,Du 9 au 10 d�cembre,,4.871182,43.689052
March� d'Auriol,Foire et salon,March�,,Tables et vins,Produits r�gionaux,,,,Auriol,Cours du 4 Septembre,Les jeudis et samedis matin,http://www.mairie-auriol.fr,5.63345,43.370242
March� de la Penne sur Huveaune,Foire et salon,March�,,Th�me agraire,Agriculture - Elevage - Horticulture,Agriculture,,,La Penne sur Huveaune,Place Pellegrin,Les jeudis matin,,5.515961,43.281485
Cr�ateurs du soir,Foire et salon,March�,,Loisirs et artisanat,Artisanat,,,,Istres,Rue Painlev�,Le 20 mai de 16h � 22h,,4.987964,43.512718
March� d'Eyragues,"Foire et salon
Foire et salon
Foire et salon","March�
March�
March�","March� aux poissons
March� fruits et l�gumes
March� forain",Tables et vins,Produits r�gionaux,,,,Eyragues,Place de la Lib�rartion,Le vendredi de 7h � 13h,,4.841855,43.840729
March� de Vitrolles Place de la Libert�,Foire et salon,March�,March� forain,Th�mes divers,Th�mes divers,,,,Vitrolles,"March� sur la Place de la Libert� devant la M�diath�que

Avenue des Salyens",Le vendredi matin,http://r.duckduckgo.com/l/?kh=-1&uddg=http%3A%2F%2Fvitrolles13.fr%2F,5.248526,43.460426
Foire aux fleurs,Foire et salon,March�,March� aux fleurs,"Th�me agraire
Th�me agraire","Agriculture - Elevage - Horticulture
Agriculture - Elevage - Horticulture","Horticulture
Agriculture",,,Fontvieille,Sur le Champ de Foire,Le 30 Avril,,4.710435,43.726618
March� d'Allauch,Foire et salon,March�,,Loisirs et artisanat,Shopping,,,,Allauch,Vieux village,Le mercredi matin jusqu'a 12h,,5.481912,43.3363
Le grand march� d'Aubagne,"Foire et salon
Foire et salon
Foire et salon
Foire et salon","March�
March�
March�
March�","March� forain
March� aux fleurs
March� fruits et l�gumes
March� paysan",Th�me agraire,Agriculture - Elevage - Horticulture,,,,Aubagne,Cours Voltaire - Esplanade de Gaulle,Le mardi matin de 8h � 13h,http://www.aubagne.fr,5.570281,43.293253
Brocante,Foire et salon,March�,,Loisirs et artisanat,Brocante - Antiquit�s - Puces - Collection,,,,Arles,"Cot� jardin, le long du boulevard des Lices",Le 1er mercredi du mois,,4.6278039,43.6766511
March� du samedi matin,Foire et salon,March�,,Tables et vins,Produits r�gionaux,,,,Arles,Boulevards des Lices et Cl�menceau,Le samedi matin,,4.6278039,43.6766511
March� de Gardanne,Foire et salon,March�,March� fruits et l�gumes,Th�me agraire,Agriculture - Elevage - Horticulture,Agriculture,,,Gardanne,Centre ville - Cours de la R�publique - Cours Forbin,Du 1er Janvier au 31 D�cembre,http://www.ville-gardanne.fr,5.469425,43.454006
March� de Vitrolles au village,"Foire et salon
Foire et salon","March�
March�","March� fruits et l�gumes
March� aux poissons",Th�mes divers,Th�mes divers,,,,Vitrolles,Petit march� sur la place de l'Aire au vieux village le Jeudi matin,Le jeudi matin,http://r.duckduckgo.com/l/?kh=-1&uddg=http%3A%2F%2Fvitrolles13.fr%2F,5.248526,43.460426
March� du mercredi matin,Foire et salon,March�,,Th�mes divers,Th�mes divers,,,,Arles,Boulevard Emile Combes,Le mercredi matin,,4.6278039,43.6766511
March� de Sept�mes les Vallons,Foire et salon,March�,,Th�me agraire,Agriculture - Elevage - Horticulture,,,,Sept�mes les Vallons,Place de la Mairie,Chaque jeudi,,5.3657133,43.3982573
March� de Vitrolles de la Place de Provence,Foire et salon,March�,March� forain,Th�mes divers,Th�mes divers,,,,Vitrolles,"Place de Provence


Centre Urbain 


proche H�tel de Ville le Mardi matin",Le Mardi matin,,5.248526,43.460426
Grand march� des Primeurs d'Aubagne,"Foire et salon
Foire et salon","March�
March�","March� fruits et l�gumes
March� paysan",Th�me agraire,Agriculture - Elevage - Horticulture,,,,Aubagne,Cours Voltaire,Les samedis et dimanches matin,http://www.aubagne.fr,5.570281,43.293253
Jardins et senteurs de Provence,Foire et salon,March�,March� aux fleurs,Th�me agraire,Agriculture - Elevage - Horticulture,Horticulture,,,Auriol,Cours du 4 Septembre,Le 8 mai,http://www.mairie-auriol.fr,5.63345,43.370242
March� de G�menos,Foire et salon,March�,,"Tables et vins
Loisirs et artisanat","Produits r�gionaux
Artisanat",,,,G�menos,Sous les Arcades,Le mercredi matin,,5.629374,43.296984
March� aux fleurs du Vieux Port,Foire et salon,March�,March� aux fleurs,Th�me agraire,Agriculture - Elevage - Horticulture,Horticulture,,,Marseille,Quai du Port,Les mardis et samedis de 8h � 13h,,5.372838,43.296361
March� Proven�al de Cassis,Foire et salon,March�,,Th�mes divers,Th�mes divers,,Place Baragnon,Cassis,,,Mercredi et vendredi,http://www.ot-cassis.com,5.539588,43.214286
March� aux fleurs Grand Pavois,Foire et salon,March�,March� aux fleurs,Th�me agraire,Agriculture - Elevage - Horticulture,Horticulture,,,Marseille,Rond point du Prado 13008,Le mardi de 8h � 13h,,5.383221,43.298344
Le petit march� des Canourgues,"Foire et salon
Foire et salon","March�
March�",March� fruits et l�gumes,Loisirs et artisanat,Shopping,,,,Salon de Provence,Quartier des canourgues,Le vendredi de 06h30 � 13h,,5.099398,43.652056
Quai des Artistes de Cassis et March� Artisanal nocturne,Foire et salon,March�,,Loisirs et artisanat,Artisanat,,Port de Cassis,Cassis,,,Du 1er juillet au 31 ao�t,http://www.ot-cassis.com/,5.536374,43.21426
March� forain des Gens du Voyages,Foire et salon,March�,March� forain,Th�mes divers,Th�mes divers,,,,Saintes Maries de la Mer,Place des Gitans,Du 18 au 25 mai de 9h � 18h.,,4.429159,43.452133
March� de Rognonas,Foire et salon,March�,,Th�me agraire,Agriculture - Elevage - Horticulture,,,,Rognonas,Place du march�,Chaque mardi,,4.8032917,43.8983359
March� de l?Esplanade de St-Just,Foire et salon,March�,,Th�me agraire,Agriculture - Elevage - Horticulture,,,,Marseille,"Esplanade Saint Just - Marseille (4�)

Acc�s m�tro Saint-Just Le D�me",Le mardi de 7h30 � 13h30,,5.404652,43.315506
March� Belle de Mai,"Foire et salon
Foire et salon
Foire et salon","March�
March�
March�","March� fruits et l�gumes
March� aux fleurs
March� forain","Th�me agraire
Th�me agraire","Agriculture - Elevage - Horticulture
Agriculture - Elevage - Horticulture","Agriculture
Horticulture",,,Marseille,Place Bernard Cadenat 13003,"Du lundi au samedi de 8h � 13h, sauf le mardi",,5.383221,43.298344
"March� de producteurs locaux ''Carr� M�ry""",Foire et salon,March�,March� paysan,Th�me agraire,Agriculture - Elevage - Horticulture,,,,Marseille,"Place du 23 janvier 1943


13002 Marseille",Le jeudi de 13h � 18h,,5.370729,43.297894
March� Cours Joseph Thierry R�form�s,Foire et salon,March�,March� fruits et l�gumes,Th�me agraire,Agriculture - Elevage - Horticulture,Agriculture,,,Marseille,Joseph Thierry (R�form�s) 13001,Du lundi au samedi de 8h � 13h,,5.36978,43.296482
March� des cr�ateurs,Foire et salon,March�,,Loisirs et artisanat,Artisanat,,,,Mallemort,Rue Fernand Pauriol,Le 1er Juillet,http://www.mallemortdeprovence.com,5.180742,43.731206
March� de No�l,Foire et salon,March�,,Loisirs et artisanat,Artisanat,,,,Marignane,Cours Mirabeau,"Les 8, 9 et 10 d�cembre",,5.214093,43.416047
March� Place S�bastopol,"Foire et salon
Foire et salon
Foire et salon
Foire et salon","March�
March�
March�
March�","March� fruits et l�gumes
March� aux fleurs
March� forain
March� aux poissons",Th�me agraire,Agriculture - Elevage - Horticulture,Agriculture,,,Marseille,Place S�bastopol 13003,Du lundi au samedi de 8h � 13h,,5.383221,43.298344
March� aux poissons,Foire et salon,March�,March� aux poissons,Tables et vins,Produits r�gionaux,,Capitainerie et Port de Plaisance Bassin Central,Port Saint Louis du Rh�ne,,,Du 1 janvier au 31 d�cembre,,4.824309,43.406997
March� de Saint-Antoine,"Foire et salon
Foire et salon","March�
March�","March� fruits et l�gumes
March� forain",Th�me agraire,Agriculture - Elevage - Horticulture,Agriculture,,,Marseille,Place Canovas 13015,Le mardi de 8h � 13h,,5.3832209,43.2983438
March� aux fleurs R�form�s,Foire et salon,March�,March� aux fleurs,Th�me agraire,Agriculture - Elevage - Horticulture,Horticulture,,,Marseille,March� aux fleurs : Square Stalingrad en haut de la Canebi�re 13001 sortie m�tro R�form�s,Les mardis et samedis de 8h � 13h,,5.383221,43.298344
March� de La Ciotat,Foire et salon,March�,,"Loisirs et artisanat
Loisirs et artisanat
Tables et vins
Tables et vins","Artisanat
Shopping
Produits r�gionaux
Gastronomie",,Port Vieux de La Ciotat,La Ciotat,,,Le dimanche de 8h � 14h,,5.608391,43.174091
Dimanche Fleuri � Port Saint Louis,Foire et salon,March�,,Loisirs et artisanat,Jardinage,,Office de Tourisme de Port Saint Louis du Rh�ne,Port Saint Louis du Rh�ne,,,30 avril,,4.805679,43.384298
March� Joseph Etienne,Foire et salon,March�,March� fruits et l�gumes,Th�me agraire,Agriculture - Elevage - Horticulture,Agriculture,,,Marseille,Place Joseph Etienne-St Victor 13007,Du lundi au samedi de 8h � 13h,,5.3832209,43.2983438
March� de la Rose,"Foire et salon
Foire et salon","March�
March�","March� fruits et l�gumes
March� forain",Th�me agraire,Agriculture - Elevage - Horticulture,Agriculture,,,Marseille,Avenue Fran�ois Mignet (angle avenue de la Rose) 13013,Le mercredi de 8h � 13h,,5.3832209,43.2983438
March� le Canet,"Foire et salon
Foire et salon","March�
March�","March� fruits et l�gumes
March� forain",Th�me agraire,Agriculture - Elevage - Horticulture,Agriculture,,,Marseille,Place des Etats-Unis 13014,Du lundi au samedi de 8h � 13h,,5.36978,43.296482
Le march� des bouquinistes,Foire et salon,March�,,Art et culture,Litt�rature et po�sie,,,,Marseille,Place L�on Blum,Du mardi au samedi de 8h30 � 18h30,,5.38156270980835,43.298041718351705
March� de la Pointe Rouge,Foire et salon,March�,March� fruits et l�gumes,Th�me agraire,Agriculture - Elevage - Horticulture,Agriculture,,,Marseille,Place Joseph Vidal 13008 - Av de Montredon,Du lundi au samedi de 8h � 13h,,5.3832209,43.2983438
March� aux poissons,Foire et salon,March�,March� aux poissons,Tables et vins,Produits r�gionaux,,Le Vieux Port,Marseille,,,Tous les jours de 8h � 13h,http://decouvrir-marseille.marseille.fr/les-march%C3%A9s-de-la-ville/les-autres-march%C3%A9s,5.373816,43.294918
March� de No�l,Foire et salon,March�,March� de No�l,Manifestations nationales,Manifestation nationale,Noel,,,Saint Chamas,Centre ville,Le 2 d�cembre,,5.039007,43.550739
March� de la Joliette,"Foire et salon
Foire et salon
Foire et salon","March�
March�
March�","March� fruits et l�gumes
March� aux fleurs
March� forain","Th�me agraire
Th�me agraire","Agriculture - Elevage - Horticulture
Agriculture - Elevage - Horticulture","Agriculture
Horticulture",,,Marseille,Place de la Joliette 13002,Du lundi au vendredi de 8h � 14h,,5.383221,43.298344
March�,Foire et salon,March�,March� paysan,Th�mes divers,Th�mes divers,,,,Tarascon,"Cours Aristide Briand, Avenue de la R�publique, Place de Verdun, Rue des Halles",Toute l'ann�e,http://www.tarascon.fr,4.662165,43.808006
March� de Monthyon,"Foire et salon
Foire et salon
Foire et salon","March�
March�
March�","March� aux fleurs
March� fruits et l�gumes
March� forain","Th�me agraire
Th�me agraire","Agriculture - Elevage - Horticulture
Agriculture - Elevage - Horticulture","Horticulture
Agriculture",,,Marseille,Place Monthyon devant le Palais de Justice 13006,Du lundi au samedi de 8h � 13h,,5.383221,43.298344
March� de Rognac,"Foire et salon
Foire et salon
Foire et salon","March�
March�
March�","March� fruits et l�gumes
March� paysan
March� aux fleurs","Th�me agraire
Tables et vins","Agriculture - Elevage - Horticulture
Produits r�gionaux",Horticulture,,,Rognac,Place Saint Jacques,Chaque mercredi,,5.2341176,43.4876773
Petit march� proven�al de Port Saint Louis du Rh�ne,Foire et salon,March�,March� fruits et l�gumes,Tables et vins,Produits r�gionaux,,Halle Cessieux,Port Saint Louis du Rh�ne,,,Du 1 janvier au 31 d�cembre,,4.824309,43.406997
March� de Noailles,"Foire et salon
Foire et salon","March�
March�","March� fruits et l�gumes
March� aux poissons",Th�me agraire,Agriculture - Elevage - Horticulture,Agriculture,,,Marseille,Place des Capucins quartier Noailles 13001,Du lundi au samedi de 8h � 19h,,5.383221,43.298344
March� de Saint-Henri,"Foire et salon
Foire et salon","March�
March�","March� fruits et l�gumes
March� forain",Th�me agraire,Agriculture - Elevage - Horticulture,Agriculture,,,Marseille,Place Raph�l 13016,Le mercredi de 8h � 13h,,5.3832209,43.2983438
March� proven�al de Port Saint Louis du Rh�ne,"Foire et salon
Foire et salon","March�
March�","March� fruits et l�gumes
March� forain",Tables et vins,Produits r�gionaux,,,,Port Saint Louis du Rh�ne,Centre ville,Du 1 janvier au 31 d�cembre,,4.803126,43.388228
Le march� paysan de la Friche,Foire et salon,March�,March� paysan,Th�me agraire,Agriculture - Elevage - Horticulture,,Friche Belle de Mai,Marseille,,,De septembre � juin tous les lundis,http://www.lafriche.org/fr/agenda/marche-paysan-56,5.390431,43.309453
Un dimanche � G�menos,"Foire et salon
Expositions - R�trospectives","March�
Exposition","March� paysan
Exposition temporaire",Nature et environnement,Nature et environnement,,Salle municipale Jean Jaur�s,G�menos,G�menos,Parvis Mairie,Le 4 juin,http://www.mairie-gemenos.fr,5.628112,43.295388
March� de Velaux,Foire et salon,March�,March� fruits et l�gumes,Th�me agraire,Agriculture - Elevage - Horticulture,,,,Velaux,Place Fran�ois Caire,Chaque jeudi,,5.2567046,43.5289815
March� paysan de bel air le dimanche matin,Foire et salon,March�,March� paysan,Th�mes divers,Th�mes divers,,,,Salon de Provence,"Bel Air, place Tricon, sous une partie des halles et le parking",Le dimanche,,5.086604,43.640506
March� de La Plaine,"Foire et salon
Foire et salon
Foire et salon
Foire et salon","March�
March�
March�
March�","March� fruits et l�gumes
March� aux fleurs
March� forain
March� produits biologiques","Th�me agraire
Th�me agraire","Agriculture - Elevage - Horticulture
Agriculture - Elevage - Horticulture","Agriculture
Horticulture",,,Marseille,Place Jean Jaur�s - La Plaine 13005,Du lundi au samedi de 7h30 � 13h30,,5.383221,43.298344
March� de Cabannes,Foire et salon,March�,,Th�me agraire,Agriculture - Elevage - Horticulture,,,,Cabannes,Place de la Mairie,Tous les mardi,,4.95134,43.861734
March� des Chartreux,"Foire et salon
Foire et salon","March�
March�","March� fruits et l�gumes
March� aux fleurs",Th�me agraire,Agriculture - Elevage - Horticulture,Agriculture,,,Marseille,Place Edmond Audran 13004,Les jeudis de 8h � 13h,,5.383221,43.298344
March� Paysan,"Foire et salon
Foire et salon","Foire et salon
March�",March� paysan,Tables et vins,Produits r�gionaux,,,,Graveson,Place du March�,Le 5 mai,,4.772688,43.852098
March� Paysan de Pertuis,Foire et salon,March�,,Th�me agraire,Agriculture - Elevage - Horticulture,,,,Pertuis,"Place Garcin, Pertuis",Toute l'ann�e,,5.504925,43.695354
March� David - Prado,Foire et salon,March�,March� fruits et l�gumes,Th�me agraire,Agriculture - Elevage - Horticulture,Agriculture,,,Marseille,"Avenue du Prado 13008



43.262577, 5.375919",Les mercredis et samedis de 7h � 13h,,5.375919,43.262577
March� de l'Estaque,"Foire et salon
Foire et salon","March�
March�","March� fruits et l�gumes
March� forain",Th�me agraire,Agriculture - Elevage - Horticulture,Agriculture,,,Marseille,Plage de l'Estaque 13016,Le samedi de 8h � 13h,,5.36978,43.296482
Le grand march� 4e �dition pour f�ter le printemps,Foire et salon,March�,March� fruits et l�gumes,Tables et vins,Produits r�gionaux,,Friche Belle de Mai,Marseille,,,Le 24 avril de 16h � 21h,,5.390431,43.309453
March� Proven�al de Pertuis,Foire et salon,March�,,Tradition,Tradition proven�ale,,,,Pertuis,"En centre-ville : Place Mirabeau, Cours de la R�publique, place Jean Jaur�s, place du 4 septembre, rue Danton et Parc Jules Granier.",Toute l'ann�e,,5.504925,43.695354
March� Canebi�re,"Foire et salon
Foire et salon","March�
March�","March� aux fleurs
March� fruits et l�gumes",Th�me agraire,Agriculture - Elevage - Horticulture,Horticulture,,,Marseille,"All�es de Meilhan, devant le groupe de statues Les Mobiles en haut de la Canebi�re 13001",Les mardis et samedis de 8h � 13h,,5.3832209,43.2983438
Grand March� Proven�al,Foire et salon,March�,March� fruits et l�gumes,Th�me agraire,Agriculture - Elevage - Horticulture,,,,Saint R�my de Provence,"Place de la mairie, place de la R�publique",Tous les mercredis matin,,4.830037,43.788591
March� Pol Lapeyre,Foire et salon,March�,March� fruits et l�gumes,Th�me agraire,Agriculture - Elevage - Horticulture,Agriculture,,,Marseille,Place Pol Lapeyre 13005 - Quartier Saint Pierre,Le jeudi de 7h � 13h,,5.36978,43.296482
March� aux timbres,Foire et salon,March�,,Loisirs et artisanat,Brocante - Antiquit�s - Puces - Collection,Philat�lie,,,Marseille,"61 / 69 avenue du Prado 

13006 Marseille",Le dimanche de 8h � 12h,http://www.ffap.net/Regions/Assoc.php?id_Assoc=412&PHPSESSID=705,5.3832209,43.2983438
March� aux fleurs du Prado,Foire et salon,March�,March� aux fleurs,Th�me agraire,Agriculture - Elevage - Horticulture,Horticulture,,,Marseille,Avenue du Prado de Castellane � P�rier c�t� pairs,Le vendredi de 8h � 14h,,5.383221,43.298344
March� d'Alleins,Foire et salon,March�,,Tables et vins,Produits r�gionaux,,Le Couvent � Alleins,Alleins,,,Tous les mardis matins,,5.159363,43.70106
March� de La Ciotat,Foire et salon,March�,,"Tables et vins
Loisirs et artisanat","Produits r�gionaux
Shopping",,,,La Ciotat,Place Evariste Gras,Le mardi de 8h � 13h30,,5.6042773,43.1740232
March� de Sainte-Marthe,Foire et salon,March�,March� fruits et l�gumes,Th�me agraire,Agriculture - Elevage - Horticulture,Agriculture,,,Marseille,Place Durand 13014,Du lundi au samedi de 8h � 13h,,5.3832209,43.2983438
March� du Prado,"Foire et salon
Foire et salon
Foire et salon","March�
March�
March�","March� fruits et l�gumes
March� forain
March� aux fleurs","Th�me agraire
Th�me agraire","Agriculture - Elevage - Horticulture
Agriculture - Elevage - Horticulture","Agriculture
Horticulture",,,Marseille,"Av. du Prado, Rond point Castellane � P�rier c�t� pairs","Le lundi de 7h � 14h, du mardi au samedi de 7h30 � 14h",,5.383221,43.298344
March� paysan du Cours Julien,Foire et salon,March�,March� paysan,Tables et vins,Produits r�gionaux,,Cours Julien,Marseille,,,Le mercredi de 8h � 13h,,5.383051,43.294326
March� de Saint Chamas,Foire et salon,March�,,Th�me agraire,Agriculture - Elevage - Horticulture,,,,Saint Chamas,Rue Gambetta/rue de la Fraternit�,Le samedi matin,,5.039007,43.550739
Floralies,Foire et salon,March�,March� aux fleurs,Th�me agraire,Agriculture - Elevage - Horticulture,Horticulture,,,Plan d'Orgon,Lieu exact � venir,Le 7 mai,,4.995176,43.807465
March� aux fleurs Chave,Foire et salon,March�,March� aux fleurs,Th�me agraire,Agriculture - Elevage - Horticulture,Horticulture,,,Marseille,Boulevard Chave rue Georges 13005,Les lundis de 8h � 13h,,5.36978,43.296482
March� dominical,Foire et salon,March�,March� forain,Th�mes divers,Th�mes divers,,Cours Carnot,Ch�teaurenard,,,Le dimanche matin de 8h30 � 13h,,4.8544581,43.8832167
March� de la fraise,Foire et salon,March�,,Th�me agraire,Agriculture - Elevage - Horticulture,,,,Salon de Provence,Place Saint-Michel,Le 26 avril,,5.086604,43.640506
Foire aux fleurs,Foire et salon,March�,March� aux fleurs,Th�me agraire,Agriculture - Elevage - Horticulture,Horticulture,,,Pertuis,Cours de la R�publique,8 mai,,5.501148,43.693135
March� de la Fare les Oliviers,Foire et salon,March�,,Th�me agraire,Agriculture - Elevage - Horticulture,,,,La Fare les Oliviers,Cours Ch. Galland,Tous les samedi,,5.1939683,43.5503024
March� de Velaux,Foire et salon,March�,,Tables et vins,Produits r�gionaux,,,,Velaux,Place des Droits de l'Homme,Chaque samedi,,5.2567046,43.5289815
March� Michelet,"Foire et salon
Foire et salon
Foire et salon","March�
March�
March�","March� fruits et l�gumes
March� aux fleurs
March� forain","Th�me agraire
Th�me agraire","Agriculture - Elevage - Horticulture
Agriculture - Elevage - Horticulture","Agriculture
Horticulture",,,Marseille,Boulevard Michelet - 13008 Marseiille,Du lundi au samedi de 8h � 13h,,5.383221,43.298344
Le petit march� des Bressons,"Foire et salon
Foire et salon
Foire et salon
Foire et salon","March�
March�
March�
March�","March� forain
March� fruits et l�gumes
March� paysan",Loisirs et artisanat,Shopping,,,,Salon de Provence,"Quartier Bressons, place des anciens combattants AFN",Le samedi de 07h15 � 12h15,,5.091608,43.643937
Le March� Bio,Foire et salon,March�,March� produits biologiques,Loisirs et artisanat,Artisanat,,,,Salon de Provence,"Centre ancien, parvis de l'Eglise St Michel",Les samedis,,5.086604,43.640506
Le grand march�,"Foire et salon
Foire et salon
Foire et salon
Foire et salon
Foire et salon
Foire et salon
Foire et salon","March�
March�
March�
March�
March�
March�
March�","March� aux fleurs
March� aux poissons
March� forain
March� fruits et l�gumes
March� paysan
March� produits biologiques",Loisirs et artisanat,Shopping,,,,Salon de Provence,Centre-ville,Les mercredis,,5.09817929999997,43.641222
Le march� du dimanche matin,"Foire et salon
Foire et salon","March�
March�",March� forain,Loisirs et artisanat,Shopping,,Place du G�n�ral de Gaulle et son Jardin d'enfants,Salon de Provence,,,Les dimanches,,5.095586,43.641723
Le march� paysan du samedi,Foire et salon,March�,March� paysan,Loisirs et artisanat,Artisanat,,Place Jules Morgan,Salon de Provence,,,Les samedis,,5.070279,43.649932
March� de P�lissanne,Foire et salon,March�,,Tables et vins,Produits r�gionaux,,,,P�lissanne,Avenue du G�n�ral de Gaulle.,Tous les dimanches matins,,5.1502445,43.6313126
March� de No�l,Foire et salon,March�,March� de No�l,"Loisirs et artisanat
Tradition","Shopping
Tradition proven�ale",No�l en Provence,,,Venelles,"Place des logis

45, avenue Maurice Plantier

13770 Venelles",Du 1er au 3 et du 8 au 10 d�cembre,,5.484838,43.598529
March� de la Barben,Foire et salon,March�,,Tables et vins,Produits r�gionaux,,Place du village de La Barben,La Barben,,,Tous les samedis matins,,5.152758,43.645876
March� aux Plantes,Foire et salon,March�,March� aux fleurs,Th�mes divers,Th�mes divers,,Espace Tino Rossi,Les Pennes Mirabeau,,,Le 6 mai de 9h � 18h,,5.311969,43.410028
March� d'Istres,Foire et salon,March�,March� paysan,"Loisirs et artisanat
Tables et vins
Tables et vins","Shopping
Produits r�gionaux
Gastronomie",,,,Istres,Centre Ville,Du 2 janvier au 26 d�cembre,,4.987964,43.512718
March� de Ceyreste,Foire et salon,March�,,Th�me agraire,Agriculture - Elevage - Horticulture,,,,Ceyreste,Place de la Mairie,Tous les vendredi,,5.6301789,43.2133212
March� Paysan,Foire et salon,March�,March� paysan,Th�me agraire,Agriculture - Elevage - Horticulture,,,,S�nas,Place Auguste Jaubert,"Lundi, mercredi, vendredi et samedi matin du 1er octobre au 31 mai",,5.077864,43.742787
March� du Tholonet,Foire et salon,March�,,Tables et vins,Produits r�gionaux,,,,Le Tholonet,Place FERRAT � Palette.,Le samedi matin jusqu'� 13 h,,5.511195,43.521896
D�gustations de cuisine au march� des Saintes Maries de la mer - F�te de la Gastronomie,Foire et salon,March�,March� paysan,Tables et vins,Gastronomie,,,,Saintes Maries de la Mer,Place du march� - Place des gitans,Le 22 septembre,http://www.cuisinegrandsud.fr,4.429159,43.452133
March� hebdomadaire,Foire et salon,March�,March� fruits et l�gumes,Tables et vins,Produits r�gionaux,,,,Saint Martin de Crau,Centre ville et sous la Grande Halle,Du 1 janvier au 31 d�cembre,,4.810538,43.63824
March� des producteurs,Foire et salon,March�,,Tables et vins,Produits r�gionaux,,,,Saint Martin de Crau,La Grande Halle,Du 1 janvier au 31 d�cembre,,4.810538,43.63824
March� de Sauset les Pins,Foire et salon,March�,March� forain,Tradition,Tradition proven�ale,,,,Sausset les Pins,Boulevard Armand Audibert et avenue Adolphe Fouque.,Du 2 janvier au 31 d�cembre,,5.106447,43.331074
Nature & Sens,"Foire et salon
Foire et salon","March�
Foire et salon",,Nature et environnement,Nature et environnement,,,,Gr�asque,Centre village,Le 13 mai,,5.544649,43.431346
Les Estiv'Halles du Terroir,Foire et salon,March�,,Tables et vins,Produits r�gionaux,,,,Fontvieille,Sous les Halles,Le 13 Ao�t,,4.710435,43.726618
Halle Terres de Provence,Foire et salon,March�,March� fruits et l�gumes,Th�mes divers,Th�mes divers,,,,Pertuis,A c�t� de la salaison Chazal,Mardi et jeudi 23 mai au 27 octobre,,5.504925,43.695354
"Le grand march� - Textile, artisanat, brocante","Foire et salon
Foire et salon
Foire et salon","March�
March�
March�","March� forain
March� fruits et l�gumes
March� paysan","Loisirs et artisanat
Tables et vins","Shopping
Produits r�gionaux",,,,Aix en Provence,"Cours Mirabeau, espace C�zanne, place des Combattants d'Afrique du Nord, haut de l'avenue Victor Hugo. 

Pendant les f�tes de fin d'ann�e, le march� est d�plac� du cours Mirabeau aux All�es Proven�ales.","Toute l'ann�e, le mardi, jeudi et vendredi de 8h � 13h",,5.445797,43.526356
Le march� aux fleurs,Foire et salon,March�,March� aux fleurs,Th�me agraire,Agriculture - Elevage - Horticulture,,,,Aix en Provence,Le march� aux fleurs a lieu tous les jours sur la place de l'H�tel de Ville. Sauf le 1er dimanche du mois o� il a lieu sur la place de l'Universit�.,Tous les jours sauf le premier dimanche du mois,,5.447943,43.529919
Le march� aux fruits et l�gumes,"Foire et salon
Foire et salon
Foire et salon","March�
March�
March�","March� fruits et l�gumes
March� aux poissons
March� paysan","Th�me agraire
Tables et vins","Agriculture - Elevage - Horticulture
Produits r�gionaux",Agriculture,,,Aix en Provence,"Tous les jours sur la place Richelme et les mardis, jeudis et samedis en bas du cours Mirabeau, sur la place G�n�ral de Gaulle, l'avenue Bonaparte, les places Jeanne d?Arc et Ferr�ol et le bas du cours Sextius.",Tous les jours de 8h � 13h,,5.448007,43.529576
March� du Monde,Foire et salon,March�,March� de cr�ateurs,Loisirs et artisanat,Artisanat,,,,Lan�on Provence,Place du Champ de Mars,Le 30 avril de 9h � 18h,,5.123147,43.591875
March� des producteurs locaux,Foire et salon,March�,March� paysan,Nature et environnement,Nature et environnement,,Place Jean Jaur�s,Martigues,,,"Du 4 avril au 17 octobre, tous les mardis de 16h � 19h",,5.054822,43.40758
"No�l f�erique, les centres-villes en f�te","Foire et salon
F�te de rue, bal et carnaval","March�
F�te de rue",,"Loisirs et artisanat
Art et culture
Loisirs et artisanat
Tradition","Shopping
Magie
Jeux - jeux de soci�t� ? jouets
Tradition proven�ale",No�l en Provence,"Parking Place des Aires
Place de la Lib�ration
Place des Martyrs
Place Jean Jaur�s
Cours du 4 Septembre
Jardin Public de Ferri�res
Place G�rard Tenque","Martigues
Martigues
Martigues
Martigues
Martigues
Martigues
Martigues",,,Du 8 au 24 d�cembre,,5.056715,43.407012
Grands march�s artisanaux nocturnes de Jonqui�res,Foire et salon,March�,,Loisirs et artisanat,Artisanat,,"Cours du 4 Septembre
Place des Martyrs","Martigues
Martigues",,,"Du 28 juin au 23 ao�t, les mercredis de 17h � minuit",,5.055131,43.402616
March�s hebdomadaires,Foire et salon,March�,March� paysan,Th�me agraire,Agriculture - Elevage - Horticulture,Agriculture,,,Marignane,Coeur de Ville,Toutes les semaines,,5.214093,43.416047
"Les Iles s'invitent � Martigues : l'Ile de la R�union et Tahiti (musique, march�, ateliers)","F�te de rue, bal et carnaval
Foire et salon
Ev�nements culturels","F�te de rue
March�
Spectacle",March� de cr�ateurs,"Loisirs et artisanat
Art et culture
Tables et vins
Art et culture","Artisanat
Musique
Gastronomie
Mode",,"Place Jean Jaur�s
Place de la Lib�ration","Martigues
Martigues",,,Du 7 au 8 juillet,,5.054822,43.40758
March� de La Couronne-Carro,Foire et salon,March�,March� fruits et l�gumes,Th�me agraire,Agriculture - Elevage - Horticulture,,"Place du march� de La Couronne
Port de Carro","Martigues
Martigues",,,"Du 1er janvier au 31 d�cembre, mercredi et samedi de 7h30 � 13h",http://www.ville-martigues.fr/martigues-au-quotidien/marches-d-approvisionnement-1712.html,5.053524,43.339683
"F�te de la Lib�ration � La Couronne : march�, bal, c�r�monie (73e anniversaire)","D�fil�s - Parades - Reconstitutions
F�te de rue, bal et carnaval
Foire et salon","D�fil� - Parade
Bal
March�",,"Art et culture
Loisirs et artisanat","Musique
Artisanat",Vari�t� - Chanson fran�aise,Place du march� de La Couronne,Martigues,,,Le 18 ao�t de 17h � 02h,,5.053524,43.339683
March� de l'Ile,Foire et salon,March�,March� fruits et l�gumes,Th�me agraire,Agriculture - Elevage - Horticulture,Agriculture,Place de la Lib�ration,Martigues,,,"Du 1er janvier au 31 d�cembre, jeudi et dimanche matin",http://www.ville-martigues.fr/martigues-au-quotidien/marches-d-approvisionnement-1712.html,5.054286,43.404702
March� aux fleurs et aux saveurs,Foire et salon,March�,March� aux fleurs,Th�me agraire,Agriculture - Elevage - Horticulture,Horticulture,,,Tarascon,En centre ville,"Les 3, 4 et 5 juin",http://www.tarascon.fr,4.662165,43.808006
March� de Lav�ra,Foire et salon,March�,March� fruits et l�gumes,Th�me agraire,Agriculture - Elevage - Horticulture,Agriculture,Square Gilabert,Martigues,,,"Du 1er janvier au 31 d�cembre, le mardi de 7h30 � 12h",http://www.ville-martigues.fr/martigues-au-quotidien/marches-d-approvisionnement-1712.html,5.027271,43.391296
March� de Jonqui�res,"Foire et salon
Foire et salon","March�
March�","March� fruits et l�gumes
March� forain",Th�me agraire,Agriculture - Elevage - Horticulture,,"Parking du G�n�ral Leclerc
Cours du 4 Septembre","Martigues
Martigues",,,"Du 1er janvier au 31 d�cembre, jeudi et dimanche matin",http://www.ville-martigues.fr/martigues-au-quotidien/marches-d-approvisionnement-1712.html,5.058281,43.402569
Martigues f�te son terroir,"Foire et salon
Manifestations divers","March�
D�monstration",,"Tables et vins
Tables et vins","Gastronomie
Produits r�gionaux",,"Cours du 4 Septembre
Place des Martyrs","Martigues
Martigues",,,Le 7 octobre de 10h30 � 18h,,5.055131,43.402616
March� d'Aurons,Foire et salon,March�,,Th�mes divers,Th�mes divers,,Mairie d'Aurons,Aurons,,,Tous les vendredis soirs,,5.14842,43.670364
